{"_wandb": {"runtime": 13}, "global_step": 0, "_timestamp": 1701699692.914371, "_runtime": 10.902624130249023, "_step": 0}