{"videos": {"_type": "video-file", "sha256": "245f7c40e305b50555ca45ee492aaaad37a7c711304500dbcaff7291e19e0c22", "size": 3479, "path": "media/videos/videos_10_245f7c40e305b50555ca.mp4"}, "_timestamp": 1701699771.8897727, "_runtime": 47.71681475639343, "_step": 1980, "global_step": 42720, "charts/episodic_return": 61.0, "charts/episodic_length": 61.0, "charts/epsilon": 0.837664008140564, "losses/td_loss": 12.366284370422363, "losses/q_values": 54.26420974731445, "charts/SPS": 1268.0, "_wandb": {"runtime": 47}}